status,contract,geometry,nr,nphi,facets,pv_area_m2,land_area_m2,packing_ratio,direct_wh,diffuse_wh,ground_wh,total_wh,pv_norm_wh_m2pv,land_norm_wh_m2land,packing_efficiency,land_energy_multiplier
DEVELOPMENT_NOT_SERIS,equal_land,flat_reference,4,24,168,1.000000000000,1.000000000000,1.000000000000,540396.229393,893559.080000,0.000000,1433955.309393,1433955.309393,1433955.309393,1.000000000,1.000000000
DEVELOPMENT_NOT_SERIS,equal_pv,flat_reference,4,24,168,1.000000000000,1.000000000000,1.000000000000,540396.229393,893559.080000,0.000000,1433955.309393,1433955.309393,1433955.309393,1.000000000,1.000000000
DEVELOPMENT_NOT_SERIS,equal_land,frozen_paraboloid,4,24,168,1.216386212314,1.000000000000,1.216386212314,548229.277313,990055.231276,35607.957471,1573892.466059,1293908.505478,1573892.466059,0.902335308,1.097588227
DEVELOPMENT_NOT_SERIS,equal_pv,frozen_paraboloid,4,24,168,1.000000000000,0.822107312526,1.216386212314,450703.297820,813931.645437,29273.562221,1293908.505478,1293908.505478,1573892.466059,0.902335308,1.097588227
DEVELOPMENT_NOT_SERIS,equal_land,hemisphere,4,24,168,1.917818655970,1.000000000000,1.917818655970,612865.283675,1303591.417708,151033.872808,2067490.574190,1078042.789789,2067490.574190,0.751796644,1.441809630
DEVELOPMENT_NOT_SERIS,equal_pv,hemisphere,4,24,168,1.000000000000,0.521425733808,1.917818655970,319563.730266,679726.111564,78752.947959,1078042.789789,1078042.789789,2067490.574190,0.751796644,1.441809630
DEVELOPMENT_NOT_SERIS,equal_land,faceted_canopy,4,24,168,1.119970131312,1.000000000000,1.119970131312,543058.347642,947042.172903,19741.975646,1509842.496191,1348109.609337,1509842.496191,0.940133629,1.052921584
DEVELOPMENT_NOT_SERIS,equal_pv,faceted_canopy,4,24,168,1.000000000000,0.892880954628,1.119970131312,484886.455861,845595.919415,17627.234061,1348109.609336,1348109.609336,1509842.496191,0.940133629,1.052921584
DEVELOPMENT_NOT_SERIS,equal_land,folded_surface,4,24,4,1.085704428383,1.000000000000,1.085704428383,541015.303309,909482.658883,14103.299874,1464601.262066,1348987.094257,1464601.262066,0.940745563,1.021371623
DEVELOPMENT_NOT_SERIS,equal_pv,folded_surface,4,24,4,1.000000000000,0.921060994003,1.085704428383,498308.093036,837689.001820,12989.999401,1348987.094257,1348987.094257,1464601.262066,0.940745563,1.021371623
